title,description,published date,url,publisher
Hope Hostel in Rwanda says it's ready for first migrants from UK - BBC.com,Hope Hostel in Rwanda says it's ready for first migrants from UK  BBC.com,"Mon, 22 Apr 2024 21:06:30 GMT",https://news.google.com/rss/articles/CBMiLmh0dHBzOi8vd3d3LmJiYy5jb20vbmV3cy93b3JsZC1hZnJpY2EtNjg4MzYyNTXSATJodHRwczovL3d3dy5iYmMuY29tL25ld3Mvd29ybGQtYWZyaWNhLTY4ODM2MjU1LmFtcA?oc=5&hl=en-GB&gl=GB&ceid=GB:en,BBC.com
Rwanda explained: From politics to human rights to migration - DW (English),Rwanda explained: From politics to human rights to migration  DW (English),"Wed, 24 Apr 2024 07:08:11 GMT",https://news.google.com/rss/articles/CBMiXGh0dHBzOi8vd3d3LmR3LmNvbS9lbi9yd2FuZGEtZXhwbGFpbmVkLWZyb20tcG9saXRpY3MtdG8taHVtYW4tcmlnaHRzLXRvLW1pZ3JhdGlvbi9hLTY3NzYyNDYz0gFcaHR0cHM6Ly9hbXAuZHcuY29tL2VuL3J3YW5kYS1leHBsYWluZWQtZnJvbS1wb2xpdGljcy10by1odW1hbi1yaWdodHMtdG8tbWlncmF0aW9uL2EtNjc3NjI0NjM?oc=5&hl=en-GB&gl=GB&ceid=GB:en,DW (English)
Rwanda's Hope Hostel once housed young genocide survivors. Now it's ready for migrants from Britain - The Associated Press,Rwanda's Hope Hostel once housed young genocide survivors. Now it's ready for migrants from Britain  The Associated Press,"Thu, 25 Apr 2024 05:46:00 GMT",https://news.google.com/rss/articles/CBMiW2h0dHBzOi8vYXBuZXdzLmNvbS9hcnRpY2xlL3J3YW5kYS11ay1taWdyYW50cy1kZXBvcnRhdGlvbnMtMjgyNTU4ODQxZGFlZWQxMjMwZmE4YWY1Njc0YzA4YzPSAQA?oc=5&hl=en-GB&gl=GB&ceid=GB:en,The Associated Press
Migrants flown to Martha's Vineyard closer to getting victim visas - GBH News,Migrants flown to Martha's Vineyard closer to getting victim visas  GBH News,"Mon, 22 Apr 2024 20:48:34 GMT",https://news.google.com/rss/articles/CBMibGh0dHBzOi8vd3d3LndnYmgub3JnL25ld3MvbG9jYWwvMjAyNC0wNC0yMi9taWdyYW50cy1mbG93bi10by1tYXJ0aGFzLXZpbmV5YXJkLWNsb3Nlci10by1nZXR0aW5nLXZpY3RpbS12aXNhc9IBAA?oc=5&hl=en-GB&gl=GB&ceid=GB:en,GBH News
EU migration overhaul stresses fast-track deportations and limited appeal rights for asylum seekers - The Conversation,EU migration overhaul stresses fast-track deportations and limited appeal rights for asylum seekers  The Conversation,"Mon, 22 Apr 2024 12:38:43 GMT",https://news.google.com/rss/articles/CBMihgFodHRwczovL3RoZWNvbnZlcnNhdGlvbi5jb20vZXUtbWlncmF0aW9uLW92ZXJoYXVsLXN0cmVzc2VzLWZhc3QtdHJhY2stZGVwb3J0YXRpb25zLWFuZC1saW1pdGVkLWFwcGVhbC1yaWdodHMtZm9yLWFzeWx1bS1zZWVrZXJzLTIyNzc1NdIBAA?oc=5&hl=en-GB&gl=GB&ceid=GB:en,The Conversation
Migrants undeterred by deaths to continue Channel crossing attempts - BBC.com,Migrants undeterred by deaths to continue Channel crossing attempts  BBC.com,"Wed, 24 Apr 2024 18:11:05 GMT",https://news.google.com/rss/articles/CBMiLmh0dHBzOi8vd3d3LmJiYy5jb20vbmV3cy93b3JsZC1ldXJvcGUtNjg4OTE5NTDSATJodHRwczovL3d3dy5iYmMuY29tL25ld3Mvd29ybGQtZXVyb3BlLTY4ODkxOTUwLmFtcA?oc=5&hl=en-GB&gl=GB&ceid=GB:en,BBC.com
Migrants flown to Martha's Vineyard now considered crime victims to obtain work visas - Fox News,Migrants flown to Martha's Vineyard now considered crime victims to obtain work visas  Fox News,"Wed, 24 Apr 2024 18:00:00 GMT",https://news.google.com/rss/articles/CBMiaGh0dHBzOi8vd3d3LmZveG5ld3MuY29tL21lZGlhL21pZ3JhbnRzLWZsb3duLW1hcnRoYXMtdmluZXlhcmQtY29uc2lkZXJlZC1jcmltZS12aWN0aW1zLW9idGFpbi13b3JrLXZpc2Fz0gFsaHR0cHM6Ly93d3cuZm94bmV3cy5jb20vbWVkaWEvbWlncmFudHMtZmxvd24tbWFydGhhcy12aW5leWFyZC1jb25zaWRlcmVkLWNyaW1lLXZpY3RpbXMtb2J0YWluLXdvcmstdmlzYXMuYW1w?oc=5&hl=en-GB&gl=GB&ceid=GB:en,Fox News
Cuban Deputy Foreign Minister: Deliberate U.S. Policy of “Destroying Cuban Economy” Drives Migration - Democracy Now!,Cuban Deputy Foreign Minister: Deliberate U.S. Policy of “Destroying Cuban Economy” Drives Migration  Democracy Now!,"Wed, 24 Apr 2024 12:00:00 GMT",https://news.google.com/rss/articles/CBMiQWh0dHBzOi8vd3d3LmRlbW9jcmFjeW5vdy5vcmcvMjAyNC80LzI0L2Nhcmxvc19mZXJuYW5kZXpfZGVfY29zc2lv0gEA?oc=5&hl=en-GB&gl=GB&ceid=GB:en,Democracy Now!
I Helped Thousands of Migrants at the U.S. Border - Newsweek,I Helped Thousands of Migrants at the U.S. Border  Newsweek,"Wed, 24 Apr 2024 16:37:51 GMT",https://news.google.com/rss/articles/CBMiWWh0dHBzOi8vd3d3Lm5ld3N3ZWVrLmNvbS9pLWhhdmUtaGVscGVkLWh1bmRyZWRzLW1pZ3JhbnRzLXRocm91Z2gtZ2FwLWJvcmRlci1mZW5jZS0xODkzODA00gEA?oc=5&hl=en-GB&gl=GB&ceid=GB:en,Newsweek
"Migrants staying at Yarmouth motel move off Cape Cod, blindsiding Massachusetts town - Boston Herald","Migrants staying at Yarmouth motel move off Cape Cod, blindsiding Massachusetts town  Boston Herald","Wed, 24 Apr 2024 21:41:55 GMT",https://news.google.com/rss/articles/CBMifGh0dHBzOi8vd3d3LmJvc3RvbmhlcmFsZC5jb20vMjAyNC8wNC8yNC9taWdyYW50cy1zdGF5aW5nLWF0LXlhcm1vdXRoLW1vdGVsLW1vdmUtb2ZmLWNhcGUtY29kLWJsaW5kc2lkaW5nLW1hc3NhY2h1c2V0dHMtdG93bi_SAYABaHR0cHM6Ly93d3cuYm9zdG9uaGVyYWxkLmNvbS8yMDI0LzA0LzI0L21pZ3JhbnRzLXN0YXlpbmctYXQteWFybW91dGgtbW90ZWwtbW92ZS1vZmYtY2FwZS1jb2QtYmxpbmRzaWRpbmctbWFzc2FjaHVzZXR0cy10b3duL2FtcC8?oc=5&hl=en-GB&gl=GB&ceid=GB:en,Boston Herald
